{"voxel_size": 0.0024747750000000002, "block_size": 30, "grid_width": 561, "grid_height": 581, "grid_depth": 1000, "atlas_width": 2048, "atlas_height": 2048, "atlas_depth": 32, "num_slices": 8, "min_x": -0.6981687500000002, "min_y": -0.4135249999999999, "min_z": -1.232075, "atlas_blocks_x": 64, "atlas_blocks_y": 64, "atlas_blocks_z": 1, "input_height": 800.0, "input_width": 800.0, "input_focal": 1111.1110311937682, "worldspace_T_opengl": [[-1.0, 0.0, 0.0, 0.0], [0.0, 0.0, 1.0, 0.0], [0.0, 1.0, 0.0, 0.0], [0.0, 0.0, 0.0, 1.0]], "ndc": false, "0_weights": [[-0.3840005695819855, 0.11384168267250061, -0.42484015226364136, -0.33323806524276733, -0.2655886113643646, 0.19981630146503448, 0.02752208150923252, -0.04113270342350006, -0.042638715356588364, -0.20246383547782898, -0.13566827774047852, -0.1879088431596756, -0.22569520771503448, -0.12734146416187286, -0.3384900987148285, -0.20352284610271454], [0.2610279619693756, 0.2461874783039093, 0.18311181664466858, 0.039647411555051804, -0.2491140216588974, 0.0498574860394001, -0.3574386537075043, 0.08039118349552155, -0.3256710171699524, -0.1603986918926239, -0.25562784075737, -0.08717600256204605, -0.033409010618925095, -0.04178192466497421, 0.07615122944116592, 0.17617769539356232], [-0.08449316024780273, 0.037208955734968185, 0.30463457107543945, 0.11667490750551224, -0.3867092728614807, 0.2752481698989868, -0.15261952579021454, 0.030098043382167816, 0.28996747732162476, -0.2748715579509735, -0.00921389739960432, -0.06623447686433792, -0.24108117818832397, 0.12583233416080475, -0.4148949086666107, -0.38094431161880493], [-0.15571925044059753, -0.08909498155117035, -0.3914409875869751, 0.008883741684257984, -0.2528664171695709, -0.20538030564785004, -0.013322075828909874, 0.09930460155010223, 0.4684421718120575, -0.19951653480529785, -0.3437598943710327, -0.21233566105365753, -0.054749853909015656, -0.08947274088859558, -0.16347122192382812, -0.25641483068466187], [-0.10240244120359421, 0.18330501019954681, -0.13244086503982544, 0.2790076434612274, 0.17943036556243896, 0.4926638901233673, 0.2060660868883133, 0.44169214367866516, 0.2676926553249359, -0.2656386196613312, -0.07653238624334335, 0.060738563537597656, 0.049080051481723785, -0.08300861716270447, -0.03471275791525841, 0.22496724128723145], [-0.1770477592945099, 0.013046703301370144, -0.2089049369096756, -0.30721065402030945, 0.10284142196178436, -0.2597845792770386, 0.3951777219772339, -0.2630487382411957, -0.26499637961387634, -0.22002948820590973, 0.1278216391801834, 0.3466807007789612, -0.10814274102449417, -0.04554951563477516, -0.38612276315689087, -0.07268556952476501], [-0.32288599014282227, 0.1625511795282364, -0.34365299344062805, -0.03450562804937363, -0.21252170205116272, 0.1794307380914688, 0.5040395855903625, -0.2999849021434784, 0.17353661358356476, -0.08829513937234879, -0.1067432388663292, 0.155084490776062, -0.11363084614276886, 0.31679603457450867, -0.006888883654028177, -0.22634024918079376], [-0.32546529173851013, -0.22868601977825165, -0.09199781715869904, -0.05444313958287239, -0.1311722695827484, 0.4012017250061035, -0.23715093731880188, 0.11790449917316437, 0.2388317734003067, 0.063651442527771, 0.3435394763946533, -0.3301292359828949, 0.18493494391441345, 0.24320626258850098, -0.14059555530548096, -0.07352166622877121], [0.14739391207695007, 0.35577505826950073, -0.20964711904525757, -0.06750889122486115, -0.3157663941383362, -0.20066668093204498, -0.022783813998103142, -0.12786105275154114, 0.27595633268356323, -0.10249099880456924, -0.3421750068664551, 0.37229016423225403, 0.0033495549578219652, -0.07359713315963745, -0.11190921068191528, 0.0339549221098423], [0.07478178292512894, 0.13219404220581055, 0.18805623054504395, 0.14311204850673676, -0.4436149001121521, -0.12866653501987457, -0.17064298689365387, 0.08690360933542252, -0.15650509297847748, 0.24842685461044312, 0.1817331463098526, 0.2696394920349121, 0.060265570878982544, 0.3642803728580475, 0.02287769317626953, 0.04033626243472099], [-0.008606674149632454, 0.10294978320598602, -0.2416786402463913, -0.354166179895401, 0.1921917200088501, 0.13196735084056854, 0.23459412157535553, -0.09308920055627823, -0.04915736988186836, -0.13939687609672546, 0.17233924567699432, 0.014393933117389679, -0.1729765087366104, -0.009139916859567165, 0.0019152460154145956, -0.08387257903814316], [-0.019715500995516777, -0.018980925902724266, 0.2264699935913086, -0.22984032332897186, -0.140416219830513, 0.23349851369857788, 0.11657378077507019, 0.2893051207065582, -0.08605676144361496, 0.22263923287391663, -0.11866714805364609, 0.14047545194625854, 0.4506434202194214, 0.09878887236118317, 0.33408254384994507, 0.21230730414390564], [0.12673234939575195, -0.12158451229333878, 0.01751447655260563, 0.0598103404045105, -0.15315558016300201, 0.3088015615940094, 0.005654728040099144, -0.2197245955467224, -0.26496198773384094, 0.4053248167037964, 0.058997366577386856, 0.3903622329235077, -0.07806852459907532, 0.044312261044979095, 0.10513682663440704, 0.03872328996658325], [0.12684914469718933, -0.14535732567310333, -0.16106252372264862, 0.05708690360188484, -0.22602392733097076, 0.18489648401737213, -0.018670976161956787, 0.14747290313243866, 0.11526001989841461, -0.08982092142105103, -0.1442430466413498, 0.5697335004806519, -0.13158176839351654, -0.019944503903388977, 0.00576431630179286, 0.028428472578525543], [0.03447422757744789, -0.026861203834414482, 0.02177654393017292, 0.16692379117012024, -0.024868346750736237, 0.025389516726136208, 0.07586236298084259, 0.14215092360973358, 0.03433730825781822, -0.09820549190044403, 0.1351926326751709, 0.31827425956726074, -0.08901973068714142, -0.028704127296805382, -0.2603910267353058, 0.018634965643286705], [-0.03876012563705444, -0.45609861612319946, -0.34309154748916626, -0.36044129729270935, 0.35623598098754883, 0.05548391863703728, -0.13056164979934692, 0.2078828066587448, 0.4338492453098297, 0.3064967095851898, -0.20492999255657196, 0.047731053084135056, 0.32577621936798096, -0.3332975506782532, 0.15900306403636932, 0.1326618194580078], [0.13708269596099854, -0.015596550889313221, -0.2771162986755371, 0.2601970434188843, 0.10307655483484268, 0.06765317916870117, 0.20618318021297455, 0.1823839396238327, -0.08947061002254486, 0.3533133566379547, 0.28715410828590393, -0.280253529548645, -0.22114627063274384, 0.3189566731452942, 0.27428340911865234, -0.3622192144393921], [-0.11187727749347687, -0.033586286008358, -0.11109590530395508, 0.17226852476596832, 0.3723697066307068, 0.21035566926002502, 0.3076358735561371, 0.07193988561630249, 0.07362443208694458, 0.41073694825172424, 0.40829363465309143, -0.07120749354362488, 0.16580159962177277, -0.03840720281004906, -0.091277115046978, 0.013439200818538666], [0.31443867087364197, 0.2226167917251587, 0.022678833454847336, 0.11495036631822586, -0.09230433404445648, 0.18801800906658173, 0.1150294616818428, 0.3331563472747803, 0.272543340921402, -0.0383455790579319, -0.029430313035845757, -0.04721305891871452, 0.1534615159034729, -0.4865366816520691, 0.4138278663158417, -0.1265752762556076], [-0.10416212677955627, 0.10687392950057983, -0.30457478761672974, 0.4626408815383911, -0.025039218366146088, 0.11699569225311279, -0.3625378906726837, -0.038380902260541916, 0.0713796317577362, -0.06532972306013107, 0.03810810670256615, -0.4729386568069458, 0.02473907358944416, 0.3622385263442993, 0.20164933800697327, 0.2748159170150757], [0.13762864470481873, 0.08226517587900162, 0.12214510887861252, 0.08001387864351273, 0.3042777180671692, -0.11767768114805222, 0.15530695021152496, -0.17179280519485474, 0.28861284255981445, 0.275791198015213, 0.1719033122062683, -0.5248778462409973, 0.1316274106502533, 0.17485199868679047, -0.040719419717788696, -0.4257889986038208], [0.19717152416706085, -0.0878298208117485, -0.2609943151473999, -0.05145929753780365, -0.06455815583467484, 0.27297472953796387, -0.13715267181396484, -0.0232744961977005, -0.23416219651699066, -0.34529080986976624, -0.39756661653518677, 